Ec,u
3888.888888888889,90.7218423253029
3777.777777777778,90.7218423253029
3777.777777777778,90.7218423253029
3666.6666666666665,90.7218423253029
3333.3333333333335,90.7218423253029
3111.111111111111,90.7218423253029
2888.888888888889,90.7218423253029
2333.3333333333335,90.7218423253029
2111.111111111111,90.7218423253029
2000.0,90.7218423253029
1777.7777777777778,90.7218423253029
1777.7777777777778,90.7218423253029
1555.5555555555554,36.28873693012116
