T,u_T,Uoc,Isc,Imp,Ump,max_power,FF,eta
15,0.5773502691896258,0.59,-0.00240179487179487,-0.00226137973137973,0.29,-0.0006558001221001217,0.4627895761337542,0.04372000814000811
25,0.5773502691896258,0.57,-0.00238958485958486,-0.00221253968253968,0.29,-0.0006416365079365072,0.4710768398050104,0.042775767195767145
35,0.5773502691896258,0.54,-0.00238347985347985,-0.00215759462759463,0.29,-0.0006257024420024427,0.4861413971000217,0.041713496133496175
45,0.5773502691896258,0.52,-0.00235295482295482,-0.00205991452991453,0.29,-0.0005973752136752137,0.4882365256780826,0.039825014245014244
55,0.5773502691896258,0.49,-0.0023285347985348,-0.00194391941391941,0.29,-0.0005637366300366289,0.49408019118547253,0.03758244200244192
65,0.5773502691896258,0.47,-0.00231021978021978,-0.00180350427350427,0.29,-0.0005230162393162383,0.4816859931298922,0.03486774928774922
75,0.5773502691896258,0.44,-0.00229190476190476,-0.00174855921855922,0.27,-0.0004721109890109894,0.4681606052372733,0.03147406593406596
